{
  "nextTicketNumber": 4,
  "tickets": {
    "1404330800773595198": {
      "ticketNumber": "0001",
      "userId": "949455023652364288",
      "ticketType": "support",
      "createdAt": "2025-08-11T05:09:17.841Z",
      "claimedBy": null,
      "claimedAt": null,
      "status": "closed",
      "closedBy": "949455023652364288",
      "closedAt": "2025-08-11T05:27:19.054Z"
    },
    "1404330801063268483": {
      "ticketNumber": "0001",
      "userId": "949455023652364288",
      "ticketType": "support",
      "createdAt": "2025-08-11T05:09:17.873Z",
      "claimedBy": null,
      "claimedAt": null,
      "status": "closed",
      "closedBy": "949455023652364288",
      "closedAt": "2025-08-11T05:27:22.371Z"
    },
    "1404335433013530664": {
      "ticketNumber": "0002",
      "userId": "949455023652364288",
      "ticketType": "complaint",
      "createdAt": "2025-08-11T05:27:42.221Z",
      "claimedBy": "949455023652364288",
      "claimedAt": "2025-08-11T05:28:20.063Z",
      "status": "closed",
      "closedBy": "949455023652364288",
      "closedAt": "2025-08-11T05:28:27.395Z"
    },
    "1404338962276814979": {
      "ticketNumber": "0003",
      "userId": "949455023652364288",
      "ticketType": "support",
      "createdAt": "2025-08-11T05:41:43.668Z",
      "claimedBy": null,
      "claimedAt": null,
      "status": "open"
    }
  }
}